Feature,Mean_ABS_SHAP
ANKRD20A11P,0.8035894649302601
U2AF1,0.7639086362095754
HLA-DQB1,0.6912218911203103
HLA-DRB6,0.6756380450870146
COL9A3,0.4277961936542722
E2F2,0.42710319048900736
CMPK2,0.3930818916093347
H2AC14,0.36672445860443925
FAM210B,0.35277144374263136
TGFBI,0.35029798833304293
EGR3,0.3140258189294357
DNAJC6,0.3138838298309911
MOSPD1,0.3055154946951487
KDM1B,0.2930180017566232
IGLV5-37,0.28594838717152615
BCL7A,0.2844171028424486
ADIPOR1,0.2842432533248067
P2RY13,0.2713842745948643
GOLGA4-AS1,0.2665185745712849
SYMPK,0.25884992669397555
F2RL1,0.2572790624840195
ZNF667-AS1,0.25516270729723267
HSPA5,0.24813829293502657
C13orf46,0.23435363676866147
IL1RL1,0.23260131792834798
GFOD2,0.232421843624353
TOLLIP-DT,0.2300818739780595
LLGL1,0.22031017007704892
C1orf116,0.22011594756243116
COL6A2,0.2170550021742372
LIPN,0.21658265462050091
PLIN4,0.2133587886007706
FCGBP,0.21162093293237821
ECM1,0.20609091871041404
GYPC,0.20278602088691258
C5AR1,0.2026477503138432
SLC48A1,0.20188617162079314
SNHG7,0.1915762430296623
LILRB5,0.19048020438391863
SPC25,0.1887297223166945
PRSS57,0.18664446399634838
GPR146,0.18559451643924813
MASTL,0.1815309343562769
ZNF287,0.18025350738100462
KLRC2,0.17935675640588272
HSPE1,0.1782892071378218
RHAG,0.17546939984448928
HLA-DQB2,0.1704453724547121
STYXL1,0.16965875535700348
SLC6A12,0.16492951692984376
PKP4,0.16348634980039448
TROAP,0.16171760165428972
PLXNA3,0.15137774110586708
LOC102724159,0.14541003176535447
P2RX1,0.14268408109048433
CENPN,0.14195804061084458
CNN3,0.14015889931913036
WDR11-DT,0.13686562054560258
MATN2,0.13634336313624149
C11orf24,0.1358718119588665
DHFR,0.1346135239018952
ARL14EP,0.13349010105033887
CACNA1I,0.1316677908337504
DENND4A,0.1314453778047136
CDCA5,0.1306071043406376
LINC02361,0.1290168580846015
HMGB3,0.126510905130807
C1GALT1,0.12649847652944368
CHD1L,0.12630115305594744
OLIG1,0.1240095608925147
CCDC167,0.12219989164752013
HSD17B12,0.12084936494786855
MFSD13A,0.11783634272169877
AK9,0.11657987443823165
NT5C3B,0.11483412200484766
LRRC37A3,0.11333336891813675
BEND5,0.11218559989242576
SMG7,0.11217956297107518
TRAV38-2DV8,0.11067182780662303
GCNT4,0.10850432625745975
SMG5,0.10792038669735146
WDR45,0.10263724950287759
PIAS1,0.10125301758760324
HLA-F-AS1,0.10092636281151718
TPRN,0.10036733739833023
BAG1,0.10028882160167918
CTSG,0.098753858816966
CCDC15,0.09815021027726231
HDAC4,0.09774755782628862
PYROXD2,0.09709273919108533
CIP2A,0.09688206364240504
VTI1B,0.09579522222566723
DTYMK,0.09324844376615755
ZNF532,0.09211337759504927
GPX7,0.08901112184959402
BHLHE40,0.08840821264297138
TSC22D4,0.08713140567674933
NCAPH2,0.08706006440007541
KRT8P12,0.08688236340856799
LMNA,0.08602663238723043
PRR5L,0.08456961431803238
RNU4-2,0.08385624076241932
CCS,0.0834205587451039
SYNGR3,0.08295734695544245
STMN1,0.08254007783874025
DHX36,0.08199791098005721
TRMT12,0.08012627054301501
GEN1,0.08008859290995364
RACGAP1,0.07777367901956565
DDX39B,0.07633641168071549
SORT1,0.07589420723165483
KIF19,0.07324736271154182
SQSTM1,0.07256526270851318
CD72,0.07203648154099578
RAD17,0.07000494615246569
DACH1,0.06916529853254079
PDPR2P,0.06910364299650285
MTCO1P11,0.06747062319996061
LINC01550,0.06734028806244641
TFR2,0.06714308303520955
CCNG1,0.06656167468302297
PGP,0.06621722684535902
ZBTB49,0.0658957431007623
RPL6P10,0.06557689315147745
PLEKHA1,0.06501604690796083
SPRYD4,0.0646090868073463
ARL4D,0.06429738178106309
FANCG,0.06324718553762555
LINC00989,0.06243405835631021
TKTL1,0.062399102032051616
FAM104B,0.06227040789821601
TYW1,0.06207830412701786
PEBP1,0.06131032902946165
ZNF629,0.060452030296453435
NMI,0.06027170454311215
ATP8B4,0.06012055210527692
TEX30,0.06003011833435274
PSME1,0.05972658922405392
PLXNB2,0.05950591206045986
IL10RA,0.05925608566980742
CD3E,0.05897982643229325
EPB41L3,0.05771246936979319
HMCES,0.05696290061351255
SLC22A5,0.0568472947303489
SUSD1,0.05626008785020716
SPCS2,0.05572291925471136
ERP44,0.05509558192071881
ELK4,0.05447512322024822
PRKCH,0.054001453257073846
TMEM140,0.05384953164764403
FUCA2,0.05309665714331937
PF4,0.053021547894764376
LINC01590,0.05255136518382997
CDKN3,0.052464581958992194
ALG9,0.052441416387464815
METTL7A,0.05116534782227411
NPM3,0.05103633068433214
CD69,0.04968108592320437
FBXW2,0.04955443405346084
PTK2B,0.04948159788385913
SUPT5H,0.049356938656838704
CLASP2,0.04935693822594758
TMEM39A,0.04905712220514269
CKAP2,0.0481129208085776
OTOF,0.04699795256256099
NREP,0.046995420277194784
ZNF587,0.0466003108945545
PMS1,0.046544613244183033
CENPJ,0.0459406830386579
APOO,0.04583744804266897
NCK1,0.04526903376453646
CNTROB,0.04496947333601689
RHOT2,0.0448005650085279
PTAR1,0.0447550528456949
PPM1M,0.04257800969151056
CLK3,0.0408408072511267
SYPL1,0.04075441189804202
LOC93622,0.040184206540203195
HENMT1,0.04015218390478306
TRMT1,0.03889093500241718
AACS,0.03863899210516472
TRAPPC2L,0.0386238815978985
IFFO1,0.03860262685746187
SLC35B1,0.03844831576563346
TRBV7-2,0.03837858024927946
ANKRD35,0.03765809124149488
CLINT1,0.03737852231190972
POC1A,0.037367011727791194
SLC7A5P1,0.036645107610517966
ZAP70,0.03660050182200682
MLH1,0.036428576614891565
KLRF1,0.03588044229801563
ACIN1,0.035751151428778556
C19orf47,0.035729814346731815
MED28,0.03535775853115052
P2RY8,0.03455314879006008
MED23,0.034273207370115515
ATG3,0.034138058291616646
AGPS,0.03409681771777879
FAM120AOS,0.03392130926337429
SMIM20,0.0335340821285818
ZFYVE19,0.033128353698862696
ARL4C,0.03310543100849249
MED15,0.03290547458491236
CACNA2D4,0.03257753522904702
ZNF197,0.031990689327213606
UBAC2-AS1,0.03198592528525541
FANCB,0.031595680316602245
TMEM223,0.03148781052411877
COMMD9,0.028961883858723534
DGLUCY,0.02856341809926859
NPEPPSP1,0.02854577147803213
CDK14,0.028480825199513976
TRAIP,0.028389357976926544
NKIRAS2,0.02835260870412599
PTPN6,0.028339665908979746
ACOT2,0.02810797477284649
BOLA3,0.027775827233672355
DGKD,0.027653333709925215
NFIA,0.027366829438347964
SSBP1,0.02649473431898379
GPSM1,0.026238550200170314
CEP104,0.02522532990054606
PHF19,0.024488358718771412
MSH3,0.02419752871487403
MUL1,0.02380749679134573
HAVCR2,0.023293528824625227
RFC1,0.023262420667036765
CDS2,0.02285204771582278
AHCTF1,0.022671517951758677
ATG4D,0.022622708134934593
E2F7,0.022614357869208936
SH2D3C,0.02244901560018711
VWA7,0.022262170492493558
CLEC16A,0.022139857588779496
POMGNT2,0.02206353309213331
RPL41,0.02099151861851532
SETDB1,0.020520030309560584
CDC7,0.020050748824257822
RAD54L,0.01950153320409928
SUPT7L,0.019309954681500652
AAAS,0.019097460337389655
GARS1,0.019085801587952526
TTF1,0.0187958365433057
SIPA1L1,0.01860044983690806
CTIF,0.018099581416533006
PCNT,0.01806262078139542
SLC25A1,0.017598504864865708
METAP1,0.01696919383389221
MGRN1,0.016504590817571885
EXOSC8,0.016327897811690566
NIT1,0.01512743119325685
SEL1L,0.014949877841523556
RAB31,0.014873060062372781
MTPN,0.014254135286505931
HEATR1,0.013527485128996888
DCUN1D2,0.01350398043475075
IFITM1,0.01319532868401782
FAM210A,0.012869685853387708
SLC2A11,0.01281408864810234
ATXN1,0.012671590182196955
PCBP1,0.012665892463361597
APEX1,0.012427073588591813
ALG10B,0.01176335120857136
DDX52,0.011328701389785995
KAZN,0.011275324577804348
TMEM263,0.01075558030427456
GMEB1,0.009841812388182172
TNIP2,0.00978210619129977
P4HTM,0.009713535171882061
RPAP2,0.00924835075023917
LINC02491,0.009139393505373681
BBS4,0.008981434603101888
SLC46A3,0.00892032813968372
WBP1,0.008599879832269055
OTUD7A,0.008048988543718773
CHST11,0.007993159996010054
FAM219B,0.007817430486975795
MROCKI,0.007023456532671494
SERINC2,0.006791664743726148
MICU1,0.006424417622845527
TRAPPC3L,0.006132727746527255
ZNF133,0.005845050048626075
KATNIP,0.005189961580314289
OASL,0.004988732003835632
KLRC1,0.004140197327678113
UBE2K,0.003770949606690802
CBFA2T2,0.003766595262882002
HCK,0.0034967141034017474
EEPD1,0.0033428787285594715
TRAPPC4,0.0020552786526556936
NSMCE2,0.001802229197880742
PSMB3,0.0016201628546142347
SMARCA5,0.0015495392171645313
GMPS,0.0010314627353982958
ANLN,0.0008639775373418184
ZNF277,0.0007847319100488901
LOC101927446,0.0004494904660279365
CENPQ,0.00014060183508542983
TMEM208,3.383546611838697e-05
